{
  "contacts": [
    {
      "id": "AA03",
      "name": "Shamy",
      "company": "TCS ",
      "email": "shamy@gmail.com",
      "title": "Tester",
      "mobile": "7894561231",
      "photo": "https://encrypted-tbn0.gstatic.com/images?q=tbn:ANd9GcRLkIgJuE6G1FdnabHHjzmMLYjZm-piTAajwg&usqp=CAU",
      "groupId": "3"
    },
    {
      "name": "Naresh",
      "photo": "https://encrypted-tbn0.gstatic.com/images?q=tbn:ANd9GcQQB9HZzNjwK62BVEEvSWHDzZdIQHcsu8qoaxj1ochXZuZkqgfdz6txVvaNmkz_OAY6kOE&usqp=CAU",
      "mobile": "789523161",
      "email": "naresh@gmail.com",
      "company": "ABC Technologies",
      "title": "Teacher",
      "groupId": "5",
      "id": "9CiudG7"
    },
    {
      "name": "Kartik",
      "photo": "https://i.pinimg.com/736x/89/90/48/899048ab0cc455154006fdb9676964b3.jpg",
      "mobile": "4536728339",
      "email": "kartik@gmail.com",
      "company": "Global Logic",
      "title": "React Developer",
      "groupId": "2",
      "id": "_2C92dl"
    },
    {
      "name": "Boodi Gouda",
      "photo": "https://encrypted-tbn0.gstatic.com/images?q=tbn:ANd9GcRHzlxPywOzp37mO-O_bs2XLNYANa3GMktc_Y6JcSUsept0imR_zYUxSuJNTL0CL0LxR40&usqp=CAU",
      "email": "boodi@gmail.com",
      "mobile": "6879422331",
      "company": "Global Logic",
      "title": "SR.Software Developer",
      "groupId": "2",
      "id": "FknHvVp"
    }
  ],
  "groups": [
    {
      "id": "1",
      "name": "Colleague"
    },
    {
      "id": "2",
      "name": "Friend"
    },
    {
      "id": "3",
      "name": "Family"
    },
    {
      "id": "4",
      "name": "Service"
    },
    {
      "id": "5",
      "name": "Community"
    },
    {
      "id": "6",
      "name": "Social"
    }
  ]
}